filename,text
01_技术革命.docx,"['技术', '革命', '正在', '改变', '我们', '的', '生活', '方式', '，', '新', '技术', '带来', '了', '前所', '未有', '前所未有', '的', '便利', '和', '效率', '。']"
02_现代技术的发展.docx,"['现代', '技术', '，', '如', '人工', '智能', '人工智能', '和', '大', '数据', '，', '正在', '推动', '科技', '进步', '科技进步', '，', '影响', '着', '社会', '的', '各个', '层面', '。']"
03_技术与教育.docx,"['技术', '在', '教育', '领域', '教育领域', '的', '应用', '越来', '越来越', '广泛', '，', '从', '互联', '联网', '互联网', '课堂', '到', '智能', '教学', '工具', '，', '技术', '正在', '彻底', '改变', '彻底改变', '教育', '模式', '。']"
04_技术在医疗中的应用.docx,"['新', '技术', '如', '遥控', '手术', '系统', '和', '数字', '数字化', '医疗', '记录', '正在', '革新', '传统', '医疗', '，', '提高', '治疗', '效率', '。']"
05_技术进步对经济的推动.docx,"['技术', '进步', '是', '经济', '增长', '的', '重要', '驱动', '动力', '驱动力', '之一', '，', '尤其', '是', '在', '自动', '自动化', '和', '网络', '技术', '领域', '的', '应用', '。']"
06_技术和社会变革.docx,"['技术', '发展', '正在', '引导', '社会', '变革', '社会变革', '的', '多个', '方面', '，', '特别', '是', '在', '通信', '和', '信息', '传播', '的', '方式', '上', '。']"
07_技术与环境保护.docx,"['环保', '技术', '如可', '再生', '能源', '再生能源', '和', '节能', '设备', '正在', '帮助', '减少', '环境', '污染', '环境污染', '，', '技术', '是', '实现', '可', '持续', '发展', '的', '关键', '。']"
08_技术在农业中的应用.docx,"['现代', '农业', '现代农业', '技术', '，', '包括', '精密', '农业', '和', '遗传', '工程', '遗传工程', '，', '正在', '提高', '农作', '作物', '农作物', '产量', '并', '降低', '成本', '低成本', '降低成本', '。']"
09_智能技术的未来.docx,"['智能', '技术', '如', '人工', '智能', '人工智能', '和物', '联网', '正在', '塑造', '未来', '社会', '，', '影响', '各行', '各业', '各行各业', '的', '发展', '。']"
10_技术在交通领域的变革.docx,"['交通', '技术', '的', '创新', '，', '如', '自动', '驾驶', '汽车', '和', '智能', '交通', '管理', '交通管理', '系统', '，', '正在', '改变', '我们', '的', '出行', '方式', '。']"
11_技术在航空业的革新.docx,"['航空', '技术', '的', '快速', '发展', '，', '包括', '无人', '驾驶', '无人驾驶', '飞行', '飞行器', '和', '先进', '的', '导航', '系统', '导航系统', '，', '正在', '重新', '定义', '空中', '旅行', '。']"
12_技术推动的社会变化.docx,"['技术', '不仅', '仅仅', '不仅仅', '改变', '了', '我们', '的', '工作', '方式', '，', '还', '在', '改变', '人际', '交往', '人际交往', '和', '生活', '习惯', '生活习惯', '。']"
13_数字技术与数据安全.docx,"['随着', '数字', '技术', '的', '广泛', '应用', '广泛应用', '，', '数据', '安全', '数据安全', '问题', '也', '日益', '凸显', '，', '需要', '新', '技术', '来', '保护', '个人', '隐私', '个人隐私', '和', '企业', '数据', '。']"
14_技术在金融服务中的应用.docx,"['金融', '技术', '，', '或', '称为', 'Fintech', '，', '正', '通过', '创新', '支付', '系统', '和', '智能', '投资', '顾问', '重塑', '金融', '行业', '。']"
15_技术在建筑行业的应用.docx,"['建筑', '技术', '通过', '引入', '3D', '打印', '和', '智能', '建筑', '智能建筑', '材料', '，', '正在', '提升', '建筑', '效率', '和', '质量', '。']"
16_技术对教育的长远影响.docx,"['技术', '正在', '教育', '领域', '教育领域', '引发', '深远', '的', '变革', '，', '从', '在线', '学习', '到', '虚拟', '现实', '虚拟现实', '教室', '，', '其', '影响', '无处', '不在', '无处不在', '。']"
17_技术与文化的互动.docx,"['技术', '不', '只是', '工具', '，', '它', '还', '正在', '塑造', '现代', '文化', '，', '影响', '我们', '的', '艺术', '和', '娱乐', '形式', '。']"
18_未来技术的道德挑战.docx,"['随着', '技术', '的', '不断', '进步', '不断进步', '，', '我们', '必须', '面对', '包括', '人工', '智能', '人工智能', '伦理', '和', '机器', '自主', '自主性', '在内', '的', '新', '道德', '挑战', '。']"
19_技术与环境的可持续发展.docx,"['技术', '正在', '帮助', '我们', '实现', '环境', '的', '可', '持续', '发展', '，', '通过', '智能', '节能', '解决', '方案', '解决方案', '减少', '能源', '消耗', '能源消耗', '和', '污染', '。']"
20_技术在全球治理中的作用.docx,"['在', '全球', '全球化', '加速', '的', '今天', '，', '技术', '在', '处理', '国际', '冲突', '和', '促进', '全球', '合作', '中', '扮演', '了', '重要', '角色', '。']"
